{"cameraMode":{"drawMode":0,"name":"Shaded","section":"Shading Mode"},"sceneLighting":true,"audioPlay":false,"sceneViewState":{"m_AlwaysRefresh":false,"showFog":true,"showSkybox":true,"showFlares":true,"showImageEffects":true,"showParticleSystems":true,"showVisualEffectGraphs":true,"m_FxEnabled":true},"in2DMode":false,"pivot":{"x":-18.052471160888673,"y":3.549063205718994,"z":26.217632293701173},"rotation":{"x":-0.0017424528487026692,"y":-0.9761883020401001,"z":0.007615690119564533,"w":-0.2169688493013382},"size":0.8660253882408142,"orthographic":false}