{"cameraMode":{"drawMode":0,"name":"Shaded","section":"Shading Mode"},"sceneLighting":false,"audioPlay":false,"sceneViewState":{"m_AlwaysRefresh":false,"showFog":true,"showSkybox":false,"showFlares":true,"showImageEffects":true,"showParticleSystems":true,"showVisualEffectGraphs":true,"m_FxEnabled":true},"in2DMode":false,"pivot":{"x":26.977724075317384,"y":18.235841751098634,"z":-34.64148712158203},"rotation":{"x":-0.021291546523571016,"y":0.6954947113990784,"z":0.02068493887782097,"w":0.7179660797119141},"size":1.4622900485992432,"orthographic":false}