{"cameraMode":{"drawMode":0,"name":"Shaded","section":"Shading Mode"},"sceneLighting":true,"audioPlay":false,"sceneViewState":{"m_AlwaysRefresh":false,"showFog":true,"showSkybox":false,"showFlares":true,"showImageEffects":true,"showParticleSystems":true,"showVisualEffectGraphs":true,"m_FxEnabled":true},"in2DMode":false,"pivot":{"x":0.11619903892278671,"y":0.5787218809127808,"z":-1.8115580081939698},"rotation":{"x":0.2068096101284027,"y":-0.06744235754013062,"z":0.014320303685963154,"w":0.975983202457428},"size":0.8660253882408142,"orthographic":false}