{"cameraMode":{"drawMode":0,"name":"Shaded","section":"Shading Mode"},"sceneLighting":false,"audioPlay":false,"sceneViewState":{"m_AlwaysRefresh":false,"showFog":true,"showSkybox":false,"showFlares":true,"showImageEffects":true,"showParticleSystems":true,"showVisualEffectGraphs":true,"m_FxEnabled":true},"in2DMode":false,"pivot":{"x":-0.5923453569412231,"y":0.9919999837875366,"z":-0.0028110146522521974},"rotation":{"x":-0.17894130945205689,"y":-0.17025206983089448,"z":-0.0314272940158844,"w":0.9685444235801697},"size":0.08660253882408142,"orthographic":false}